metric,mean,std,min,q25,median,q75,max
fake_iou,0.5362606399345542,0.32999626039745183,0.0,0.2488403280239868,0.6327014218009434,0.8142123131934547,0.9999999999999996
bg_iou,0.9668616837616665,0.05999477461161701,0.0,0.9657405049081356,0.9832940394263723,0.9908532347053213,0.9988921585598058
mean_iou,0.7515611618481103,0.16594300516913527,0.005224557966223431,0.6061167064920776,0.7992735629313311,0.890419963734825,0.9955421448969135
pixel_accuracy,0.9735896416862762,0.03906263281202155,0.010395050048828125,0.9707469940185547,0.9847221374511719,0.9912586212158203,1.0
confidence_mean,0.9773871395871851,0.019954435193891406,0.7388408780097961,0.9732107520103455,0.9838337898254395,0.9892270863056183,0.9997766017913818
confidence_max,0.9999791107976359,0.00034131617402118183,0.9681544303894043,0.9999922513961792,0.9999974966049194,0.9999994039535522,1.0
confidence_min,0.5240825455644623,0.07484924878481752,0.5,0.5000122785568237,0.5000364184379578,0.5001052618026733,0.9857105612754822
