category,subset,sample_count,mean_iou,fake_iou,bg_iou,pixel_accuracy
Global,All,1976,0.869043876695164,0.7670130238301522,0.9710747295601758,0.9735896416862762
Sem_Magnitude,large,10630,0.8682613449188904,0.7646306088254318,0.971892081012349,0.9742439327437364
Sem_Magnitude,medium,10506,0.8669733184366066,0.7630862158496352,0.970860421023578,0.9733607046903258
Sem_Magnitude,small,10479,0.8717237894379812,0.7729928529821493,0.9704547258938131,0.9731554493147381
Dataset,HumanParsing_OpenJourney,4176,0.7068309564013205,0.4381821371366196,0.9754797756660214,0.9777480487165779
Dataset,ADE20K_StableDiffusion_XL,9317,0.7561671035541657,0.5507710578779098,0.9615631492304216,0.9697376233615038
Dataset,CityScapes_Kandinsky_2_2,8812,0.7852118454360455,0.5899441061091513,0.9804795847629398,0.9855188970613414
Dataset,ADE20K_StableDiffusion_v5,9249,0.7344142447180014,0.5134667031113341,0.9553617863246686,0.9642223465802258
Dataset,OpenImages_StableDiffusion_XL,61,0.8489675852902013,0.7353537785139126,0.9625813920664897,0.9742660522460938
