metric,mean,std,min,q25,median,q75,max
fake_iou,0.57573788689645,0.31693500572057903,0.0,0.49076114595693354,0.6829800121138621,0.8196417933149952,0.9926393707523401
bg_iou,0.9718399115611279,0.044916417873046094,0.6676132811802312,0.973308488190048,0.9881317556259964,0.9923426108487319,0.9983892370352754
mean_iou,0.773788899228789,0.15810439336198898,0.4441307696383324,0.7034031973828688,0.8209843585233296,0.8960931182477837,0.9898024059063888
pixel_accuracy,0.9771546947863675,0.031790805015863635,0.7540512084960938,0.9756317138671875,0.9885406494140625,0.9925651550292969,0.9983978271484375
confidence_mean,0.9784310071967369,0.019851094611742257,0.8536044955253601,0.9754001498222351,0.9839650392532349,0.9898800253868103,0.9959915280342102
confidence_max,0.9999920859817386,1.7383603640278892e-05,0.9998384714126587,0.9999926090240479,0.9999977350234985,0.9999992847442627,1.0
confidence_min,0.5257169701332269,0.08186355238501063,0.5000000596046448,0.5000119209289551,0.5000420212745667,0.5001233220100403,0.9033201932907104
