category,subset,sample_count,mean_iou,fake_iou,bg_iou,pixel_accuracy
Global,All,9,0.8741566844142425,0.7730868790436018,0.9752264897848834,0.9771546947863675
Sem_Magnitude,large,43,0.8596571861235784,0.7429160391546832,0.9763983330924736,0.9779052734375
Sem_Magnitude,medium,43,0.8730870364776497,0.7689071513726448,0.9772669215826548,0.9788655125817587
Sem_Magnitude,small,43,0.8844301738896992,0.7969580217247557,0.9719023260546428,0.9746932983398438
Dataset,CityScapes_Kandinsky_2_2,38,0.8060549345476671,0.6329094071758551,0.9792004619194788,0.9840924112420333
Dataset,ADE20K_StableDiffusion_v5,39,0.7077124646126184,0.4475598728454115,0.9678650563798251,0.9752936730018029
Dataset,ADE20K_StableDiffusion_XL,39,0.8023215385596677,0.6337049638664656,0.9709381132528703,0.9741735213842148
Dataset,HumanParsing_OpenJourney,13,0.7921041818448672,0.6192539465535666,0.9649544171361679,0.9714018014761118
